{
  "project_info": {
    "project_number": "719577074543",
    "project_id": "my-application1-9025b",
    "storage_bucket": "my-application1-9025b.appspot.com"
  },
  "client": [
    {
      "client_info": {
        "mobilesdk_app_id": "1:719577074543:android:72c99af0589fedbde8369a",
        "android_client_info": {
          "package_name": "com.example.myapplication1"
        }
      },
      "oauth_client": [],
      "api_key": [
        {
          "current_key": "AIzaSyAVXVkVYJYh2kkiWfEWYkHmiLYcGeRYpII"
        }
      ],
      "services": {
        "appinvite_service": {
          "other_platform_oauth_client": []
        }
      }
    }
  ],
  "configuration_version": "1"
}